# ************************************************************
# Sequel Pro SQL dump
# Version 4541
#
# http://www.sequelpro.com/
# https://github.com/sequelpro/sequelpro
#
# Host: 127.0.0.1 (MySQL 5.7.31)
# Database: job
# Generation Time: 2020-12-31 08:41:16 +0000
# ************************************************************


/*!40101 SET @OLD_CHARACTER_SET_CLIENT=@@CHARACTER_SET_CLIENT */;
/*!40101 SET @OLD_CHARACTER_SET_RESULTS=@@CHARACTER_SET_RESULTS */;
/*!40101 SET @OLD_COLLATION_CONNECTION=@@COLLATION_CONNECTION */;
/*!40101 SET NAMES utf8 */;
/*!40014 SET @OLD_FOREIGN_KEY_CHECKS=@@FOREIGN_KEY_CHECKS, FOREIGN_KEY_CHECKS=0 */;
/*!40101 SET @OLD_SQL_MODE=@@SQL_MODE, SQL_MODE='NO_AUTO_VALUE_ON_ZERO' */;
/*!40111 SET @OLD_SQL_NOTES=@@SQL_NOTES, SQL_NOTES=0 */;


# Dump of table JOB_CUSTOM_APP
# ------------------------------------------------------------

DROP TABLE IF EXISTS `JOB_CUSTOM_APP`;

CREATE TABLE `JOB_CUSTOM_APP` (
  `id` int(11) unsigned NOT NULL AUTO_INCREMENT COMMENT '主键ID',
  `app_code` varchar(11) NOT NULL DEFAULT '' COMMENT '应用Code',
  `zxid` int(11) NOT NULL COMMENT 'ZXID',
  `update_time` timestamp NOT NULL DEFAULT CURRENT_TIMESTAMP ON UPDATE CURRENT_TIMESTAMP COMMENT '更新时间',
  PRIMARY KEY (`id`),
  UNIQUE KEY `unqi_app` (`app_code`)
) ENGINE=InnoDB DEFAULT CHARSET=utf8;

LOCK TABLES `JOB_CUSTOM_APP` WRITE;
/*!40000 ALTER TABLE `JOB_CUSTOM_APP` DISABLE KEYS */;

INSERT INTO `JOB_CUSTOM_APP` (`id`, `app_code`, `zxid`, `update_time`)
VALUES
	(1,'job',717,'2020-12-25 14:27:21');

/*!40000 ALTER TABLE `JOB_CUSTOM_APP` ENABLE KEYS */;
UNLOCK TABLES;


# Dump of table JOB_CUSTOM_JOB_DEFINITION
# ------------------------------------------------------------

DROP TABLE IF EXISTS `JOB_CUSTOM_JOB_DEFINITION`;

CREATE TABLE `JOB_CUSTOM_JOB_DEFINITION` (
  `id` int(11) unsigned NOT NULL AUTO_INCREMENT COMMENT '主键ID',
  `app_id` int(11) NOT NULL COMMENT '应用ID',
  `job_name` varchar(20) NOT NULL DEFAULT '' COMMENT 'Job名称',
  `job_desc` varchar(50) NOT NULL DEFAULT '' COMMENT '任务描述',
  `job_cron` varchar(128) NOT NULL DEFAULT '' COMMENT 'Cron表达式',
  `enable` tinyint(1) NOT NULL COMMENT '是否启用',
  `task_type` int(1) DEFAULT '1' COMMENT '1-Java 2-Shell',
  `post_definition` varchar (50) DEFAULT NULL COMMENT '后置的JobID',
  PRIMARY KEY (`id`)
) ENGINE=InnoDB DEFAULT CHARSET=utf8;

LOCK TABLES `JOB_CUSTOM_JOB_DEFINITION` WRITE;
/*!40000 ALTER TABLE `JOB_CUSTOM_JOB_DEFINITION` DISABLE KEYS */;

INSERT INTO `JOB_CUSTOM_JOB_DEFINITION` (`id`, `app_id`, `job_name`, `job_desc`, `job_cron`, `enable`, `task_type`)
VALUES
	(1,1,'测试Job的名称','测试Job的描述','0 0/5 * * * ?',1,1),
	(2,1,'测试Job的名称2','测试Job的描述','0 0/5 * * * ?',1,1),
	(3,1,'测试Job的名称3','测试Job的描述','0 0/1 * * * ?',1,1),
	(4,1,'测试Job的名称4','测试Job的描述','0 0/1 * * * ?',1,1),
	(5,1,'测试Job的名称5','测试Job的描述','0 0/1 * * * ?',1,1),
	(6,1,'测试Job的名称6','测试Job的描述','0 0/1 * * * ?',1,1),
	(7,1,'测试Job的名称7','测试Job的描述','0 0/1 * * * ?',1,1),
	(8,1,'测试Job的名称8','测试Job的描述','0 0/1 * * * ?',1,1);

/*!40000 ALTER TABLE `JOB_CUSTOM_JOB_DEFINITION` ENABLE KEYS */;
UNLOCK TABLES;


# Dump of table JOB_CUSTOM_JOB_DEFINITION_JAVA
# ------------------------------------------------------------

DROP TABLE IF EXISTS `JOB_CUSTOM_JOB_DEFINITION_JAVA`;

CREATE TABLE `JOB_CUSTOM_JOB_DEFINITION_JAVA` (
  `id` int(11) unsigned NOT NULL AUTO_INCREMENT,
  `definition_id` int(11) DEFAULT NULL COMMENT '定义ID',
  `handler_name` varchar(50) DEFAULT NULL COMMENT 'handlerName',
  `strategy` int(1) DEFAULT NULL COMMENT '策略',
  `shard_num` int(11) DEFAULT NULL COMMENT '分片数量',
  PRIMARY KEY (`id`)
) ENGINE=InnoDB DEFAULT CHARSET=utf8;

LOCK TABLES `JOB_CUSTOM_JOB_DEFINITION_JAVA` WRITE;
/*!40000 ALTER TABLE `JOB_CUSTOM_JOB_DEFINITION_JAVA` DISABLE KEYS */;

INSERT INTO `JOB_CUSTOM_JOB_DEFINITION_JAVA` (`id`, `definition_id`, `handler_name`, `strategy`, `shard_num`)
VALUES
	(1,7,'demoTask',3,2),
	(2,8,'demoTask',1,0);

/*!40000 ALTER TABLE `JOB_CUSTOM_JOB_DEFINITION_JAVA` ENABLE KEYS */;
UNLOCK TABLES;


# Dump of table JOB_CUSTOM_JOB_INSTANCE
# ------------------------------------------------------------

DROP TABLE IF EXISTS `JOB_CUSTOM_JOB_INSTANCE`;

CREATE TABLE `JOB_CUSTOM_JOB_INSTANCE` (
  `id` int(11) unsigned NOT NULL AUTO_INCREMENT COMMENT '主键ID',
  `job_definition_id` int(11) NOT NULL COMMENT 'Job定义',
  `start_time` timestamp NULL DEFAULT NULL COMMENT '开始时间',
  `end_time` timestamp NULL DEFAULT NULL COMMENT '结束时间',
  `trigger_type` int(1) NOT NULL COMMENT '执行类型',
  `trigger_worker` varchar(500) NOT NULL DEFAULT '' COMMENT '执行机器',
  `trigger_result` int(1) DEFAULT NULL COMMENT '执行结果',
  PRIMARY KEY (`id`)
) ENGINE=InnoDB DEFAULT CHARSET=utf8;

LOCK TABLES `JOB_CUSTOM_JOB_INSTANCE` WRITE;
/*!40000 ALTER TABLE `JOB_CUSTOM_JOB_INSTANCE` DISABLE KEYS */;

INSERT INTO `JOB_CUSTOM_JOB_INSTANCE` (`id`, `job_definition_id`, `start_time`, `end_time`, `trigger_type`, `trigger_worker`, `trigger_result`)
VALUES
	(1,1,'2020-12-22 07:10:00','2020-12-22 07:10:00',1,'',1),
	(2,1,'2020-12-22 07:15:00','2020-12-22 07:15:00',1,'',1),
	(3,1,'2020-12-22 07:20:00','2020-12-22 07:20:00',1,'',1),
	(4,1,'2020-12-22 07:25:00','2020-12-22 07:25:00',1,'',1),
	(5,1,'2020-12-22 07:30:00','2020-12-22 07:30:00',1,'',1),
	(6,1,'2020-12-22 07:35:00','2020-12-22 07:35:00',1,'',1),
	(7,1,'2020-12-22 07:40:00','2020-12-22 07:40:00',1,'',1),
	(8,1,'2020-12-23 02:30:00','2020-12-23 02:30:00',1,'',1),
	(9,2,'2020-12-23 02:30:00','2020-12-23 02:30:00',1,'',1),
	(10,1,'2020-12-23 02:35:00','2020-12-23 02:35:00',1,'',1),
	(11,2,'2020-12-23 02:35:00','2020-12-23 02:35:00',1,'',1),
	(12,1,'2020-12-23 02:40:00','2020-12-23 02:40:00',1,'',1),
	(13,2,'2020-12-23 02:40:00','2020-12-23 02:40:00',1,'',1),
	(14,1,'2020-12-23 03:05:00','2020-12-23 03:05:00',1,'',1),
	(15,2,'2020-12-23 03:05:00','2020-12-23 03:05:00',1,'',1),
	(16,2,'2020-12-23 03:12:14','2020-12-23 03:12:14',1,'',1),
	(17,1,'2020-12-23 03:12:14','2020-12-23 03:12:14',1,'',1),
	(18,1,'2020-12-23 06:40:00','2020-12-23 06:40:00',1,'http://172.18.10.195:9090',1),
	(19,2,'2020-12-23 06:40:00','2020-12-23 06:40:00',1,'http://172.18.10.195:9090',1),
	(20,1,'2020-12-24 01:10:00','2020-12-24 01:10:00',1,'',1),
	(21,2,'2020-12-24 01:10:00','2020-12-24 01:10:00',1,'',1),
	(22,1,'2020-12-24 01:15:00','2020-12-24 01:15:00',1,'http://172.18.10.195:9090',1),
	(23,2,'2020-12-24 01:15:00','2020-12-24 01:15:00',1,'http://172.18.10.195:9090',1),
	(24,1,'2020-12-24 01:20:00','2020-12-24 01:20:39',1,'http://172.18.10.195:9090',1),
	(25,2,'2020-12-24 01:20:00','2020-12-24 01:20:47',1,'http://172.18.10.195:9090',1),
	(26,1,'2020-12-24 01:37:31','2020-12-24 01:37:31',1,'http://172.18.10.195:9090',0),
	(27,1,'2020-12-24 01:37:31','2020-12-24 01:37:31',1,'http://172.18.10.195:9090',0),
	(28,2,'2020-12-24 01:37:31','2020-12-24 01:37:31',1,'http://172.18.10.195:9090',0),
	(29,2,'2020-12-24 01:37:31','2020-12-24 01:37:31',1,'http://172.18.10.195:9090',0),
	(30,1,'2020-12-24 01:37:31','2020-12-24 01:37:31',1,'http://172.18.10.195:9090',0),
	(31,2,'2020-12-24 01:37:31','2020-12-24 01:37:31',1,'http://172.18.10.195:9090',0),
	(32,1,'2020-12-24 01:40:00','2020-12-24 01:40:51',1,'http://172.18.10.195:9090',0),
	(33,2,'2020-12-24 01:40:00','2020-12-24 01:40:51',1,'http://172.18.10.195:9090',0),
	(34,2,'2020-12-24 02:11:21','2020-12-24 02:11:22',1,'http://172.18.10.195:9090',0),
	(35,1,'2020-12-24 02:11:21','2020-12-24 02:11:22',1,'http://172.18.10.195:9090',0),
	(36,2,'2020-12-24 02:11:21','2020-12-24 02:11:22',1,'http://172.18.10.195:9090',0),
	(37,1,'2020-12-24 02:11:21','2020-12-24 02:11:22',1,'http://172.18.10.195:9090',0),
	(38,1,'2020-12-24 02:11:21','2020-12-24 02:11:22',1,'http://172.18.10.195:9090',0),
	(39,2,'2020-12-24 02:11:21','2020-12-24 02:11:22',1,'http://172.18.10.195:9090',0),
	(40,1,'2020-12-24 02:11:21','2020-12-24 02:11:22',1,'http://172.18.10.195:9090',0),
	(41,2,'2020-12-24 02:11:21','2020-12-24 02:11:22',1,'http://172.18.10.195:9090',0),
	(42,1,'2020-12-24 02:11:21','2020-12-24 02:11:22',1,'http://172.18.10.195:9090',0),
	(43,2,'2020-12-24 02:11:21','2020-12-24 02:11:22',1,'http://172.18.10.195:9090',0),
	(44,1,'2020-12-24 02:11:21','2020-12-24 02:11:22',1,'http://172.18.10.195:9090',0),
	(45,2,'2020-12-24 02:11:21','2020-12-24 02:11:22',1,'http://172.18.10.195:9090',0),
	(46,3,'2020-12-24 02:16:00','2020-12-24 02:16:01',1,'http://172.18.10.195:9090',0),
	(47,3,'2020-12-24 02:17:05','2020-12-24 02:17:07',1,'http://172.18.10.195:9090',0),
	(48,3,'2020-12-24 02:18:11','2020-12-24 02:18:12',1,'http://172.18.10.195:9090',0),
	(49,4,'2020-12-24 02:18:11','2020-12-24 02:18:12',1,'http://172.18.10.195:9090',0),
	(50,3,'2020-12-24 02:19:00','2020-12-24 02:19:01',1,'http://172.18.10.195:9090',0),
	(51,4,'2020-12-24 02:19:00','2020-12-24 02:19:01',1,'http://172.18.10.195:9090',0),
	(52,3,'2020-12-24 02:20:00','2020-12-24 02:20:01',1,'http://172.18.10.195:9090',0),
	(53,4,'2020-12-24 02:20:00','2020-12-24 02:20:01',1,'http://172.18.10.195:9090',0),
	(54,5,'2020-12-24 02:20:00','2020-12-24 02:20:01',1,'http://172.18.10.195:9090',0),
	(55,7,'2020-12-24 03:41:07','2020-12-24 03:41:08',1,'http://172.18.10.195:9090',0),
	(56,7,'2020-12-24 03:42:00','2020-12-24 03:42:01',1,'http://172.18.10.195:9090',0),
	(57,7,'2020-12-24 03:43:00','2020-12-24 03:43:01',1,'http://172.18.10.195:9090',0),
	(58,7,'2020-12-24 05:41:00','2020-12-24 05:41:01',1,'http://172.18.10.195:9090',0),
	(59,7,'2020-12-24 05:42:00','2020-12-24 05:42:01',1,'http://172.18.10.195:9090',0),
	(60,7,'2020-12-24 06:19:00','2020-12-24 06:19:01',1,'http://172.18.10.195:9090',0),
	(61,7,'2020-12-24 06:20:05','2020-12-24 06:20:06',1,'http://172.18.10.195:9090',0),
	(62,7,'2020-12-24 06:31:42','2020-12-24 06:31:43',1,'http://172.18.10.195:9090',0),
	(63,7,'2020-12-24 06:31:42','2020-12-24 06:31:43',1,'http://172.18.10.195:9090',0),
	(64,7,'2020-12-24 06:31:42','2020-12-24 06:31:43',1,'http://172.18.10.195:9090',0),
	(65,7,'2020-12-24 06:31:42','2020-12-24 06:31:43',1,'http://172.18.10.195:9090',0),
	(66,7,'2020-12-24 06:31:42','2020-12-24 06:31:43',1,'http://172.18.10.195:9090',0),
	(67,7,'2020-12-24 06:31:42','2020-12-24 06:31:43',1,'http://172.18.10.195:9090',0),
	(68,7,'2020-12-24 06:31:42','2020-12-24 06:31:43',1,'http://172.18.10.195:9090',0),
	(69,7,'2020-12-24 06:31:42','2020-12-24 06:31:43',1,'http://172.18.10.195:9090',0),
	(70,7,'2020-12-24 06:31:42','2020-12-24 06:31:43',1,'http://172.18.10.195:9090',0),
	(71,7,'2020-12-24 06:31:42','2020-12-24 06:31:43',1,'http://172.18.10.195:9090',0),
	(72,7,'2020-12-24 06:31:42','2020-12-24 06:31:43',1,'http://172.18.10.195:9090',0),
	(73,7,'2020-12-24 06:32:00','2020-12-24 06:32:01',1,'http://172.18.10.195:9090',0),
	(74,7,'2020-12-24 06:33:00','2020-12-24 06:33:00',1,'http://172.18.10.195:9090',1),
	(75,7,'2020-12-24 06:34:00','2020-12-24 06:34:00',1,'http://172.18.10.195:9090',1),
	(76,7,'2020-12-25 06:09:00','2020-12-25 06:09:01',1,'http://172.18.10.195:9090',0),
	(77,7,'2020-12-25 06:10:00','2020-12-25 06:10:01',1,'http://172.18.10.195:9090',0),
	(78,7,'2020-12-25 06:18:00','2020-12-25 06:18:01',1,'http://172.18.10.195:9090',0),
	(79,7,'2020-12-25 06:27:22','2020-12-25 06:27:22',1,'http://172.18.10.195:9090',1),
	(80,7,'2020-12-25 06:27:22','2020-12-25 06:27:22',1,'http://172.18.10.195:9090',1),
	(81,7,'2020-12-25 06:27:22','2020-12-25 06:27:22',1,'http://172.18.10.195:9090',1),
	(82,7,'2020-12-25 06:27:22','2020-12-25 06:27:22',1,'http://172.18.10.195:9090',1),
	(83,7,'2020-12-25 06:27:22','2020-12-25 06:27:22',1,'http://172.18.10.195:9090',1),
	(84,7,'2020-12-25 06:27:22','2020-12-25 06:27:22',1,'http://172.18.10.195:9090',1),
	(85,7,'2020-12-25 06:27:22','2020-12-25 06:27:22',1,'http://172.18.10.195:9090',1),
	(86,7,'2020-12-25 06:27:22','2020-12-25 06:27:22',1,'http://172.18.10.195:9090',1),
	(87,7,'2020-12-25 06:27:22','2020-12-25 06:27:22',1,'http://172.18.10.195:9090',1),
	(88,7,'2020-12-31 06:38:20',NULL,1,'',NULL);

/*!40000 ALTER TABLE `JOB_CUSTOM_JOB_INSTANCE` ENABLE KEYS */;
UNLOCK TABLES;


# Dump of table JOB_CUSTOM_WORKER
# ------------------------------------------------------------

DROP TABLE IF EXISTS `JOB_CUSTOM_WORKER`;

CREATE TABLE `JOB_CUSTOM_WORKER` (
  `id` int(11) unsigned NOT NULL AUTO_INCREMENT COMMENT '主键ID',
  `app_id` int(11) NOT NULL COMMENT '应用ID',
  `ip` varchar(20) NOT NULL DEFAULT '' COMMENT 'IP地址',
  `port` varchar(10) NOT NULL DEFAULT '' COMMENT '端口',
  `host_name` varchar(50) NOT NULL DEFAULT '' COMMENT 'host',
  `zxid` varchar(20) NOT NULL DEFAULT '' COMMENT 'zxid',
  `enable` tinyint(1) NOT NULL COMMENT '是否展示',
  PRIMARY KEY (`id`),
  UNIQUE KEY `ip` (`ip`,`port`)
) ENGINE=InnoDB DEFAULT CHARSET=utf8;

LOCK TABLES `JOB_CUSTOM_WORKER` WRITE;
/*!40000 ALTER TABLE `JOB_CUSTOM_WORKER` DISABLE KEYS */;

INSERT INTO `JOB_CUSTOM_WORKER` (`id`, `app_id`, `ip`, `port`, `host_name`, `zxid`, `enable`)
VALUES
	(1,1,'172.18.10.195','9090','chenlongDSC005477.local','717',1);

/*!40000 ALTER TABLE `JOB_CUSTOM_WORKER` ENABLE KEYS */;
UNLOCK TABLES;


# Dump of table JOB_QRTZ_BLOB_TRIGGERS
# ------------------------------------------------------------

DROP TABLE IF EXISTS `JOB_QRTZ_BLOB_TRIGGERS`;

CREATE TABLE `JOB_QRTZ_BLOB_TRIGGERS` (
  `SCHED_NAME` varchar(120) NOT NULL,
  `TRIGGER_NAME` varchar(190) NOT NULL,
  `TRIGGER_GROUP` varchar(190) NOT NULL,
  `BLOB_DATA` blob,
  PRIMARY KEY (`SCHED_NAME`,`TRIGGER_NAME`,`TRIGGER_GROUP`),
  KEY `SCHED_NAME` (`SCHED_NAME`,`TRIGGER_NAME`,`TRIGGER_GROUP`),
  CONSTRAINT `qrtz_blob_triggers_ibfk_1` FOREIGN KEY (`SCHED_NAME`, `TRIGGER_NAME`, `TRIGGER_GROUP`) REFERENCES `JOB_QRTZ_TRIGGERS` (`SCHED_NAME`, `TRIGGER_NAME`, `TRIGGER_GROUP`)
) ENGINE=InnoDB DEFAULT CHARSET=utf8;



# Dump of table JOB_QRTZ_CALENDARS
# ------------------------------------------------------------

DROP TABLE IF EXISTS `JOB_QRTZ_CALENDARS`;

CREATE TABLE `JOB_QRTZ_CALENDARS` (
  `SCHED_NAME` varchar(120) NOT NULL,
  `CALENDAR_NAME` varchar(190) NOT NULL,
  `CALENDAR` blob NOT NULL,
  PRIMARY KEY (`SCHED_NAME`,`CALENDAR_NAME`)
) ENGINE=InnoDB DEFAULT CHARSET=utf8;



# Dump of table JOB_QRTZ_CRON_TRIGGERS
# ------------------------------------------------------------

DROP TABLE IF EXISTS `JOB_QRTZ_CRON_TRIGGERS`;

CREATE TABLE `JOB_QRTZ_CRON_TRIGGERS` (
  `SCHED_NAME` varchar(120) NOT NULL,
  `TRIGGER_NAME` varchar(190) NOT NULL,
  `TRIGGER_GROUP` varchar(190) NOT NULL,
  `CRON_EXPRESSION` varchar(120) NOT NULL,
  `TIME_ZONE_ID` varchar(80) DEFAULT NULL,
  PRIMARY KEY (`SCHED_NAME`,`TRIGGER_NAME`,`TRIGGER_GROUP`),
  CONSTRAINT `qrtz_cron_triggers_ibfk_1` FOREIGN KEY (`SCHED_NAME`, `TRIGGER_NAME`, `TRIGGER_GROUP`) REFERENCES `JOB_QRTZ_TRIGGERS` (`SCHED_NAME`, `TRIGGER_NAME`, `TRIGGER_GROUP`)
) ENGINE=InnoDB DEFAULT CHARSET=utf8;

LOCK TABLES `JOB_QRTZ_CRON_TRIGGERS` WRITE;
/*!40000 ALTER TABLE `JOB_QRTZ_CRON_TRIGGERS` DISABLE KEYS */;

INSERT INTO `JOB_QRTZ_CRON_TRIGGERS` (`SCHED_NAME`, `TRIGGER_NAME`, `TRIGGER_GROUP`, `CRON_EXPRESSION`, `TIME_ZONE_ID`)
VALUES
	('DefaultQuartzScheduler','7','job','0 0/1 * * * ?','Asia/Shanghai'),
	('DefaultQuartzScheduler','8','job','0 0/1 * * * ?','Asia/Shanghai');

/*!40000 ALTER TABLE `JOB_QRTZ_CRON_TRIGGERS` ENABLE KEYS */;
UNLOCK TABLES;


# Dump of table JOB_QRTZ_FIRED_TRIGGERS
# ------------------------------------------------------------

DROP TABLE IF EXISTS `JOB_QRTZ_FIRED_TRIGGERS`;

CREATE TABLE `JOB_QRTZ_FIRED_TRIGGERS` (
  `SCHED_NAME` varchar(120) NOT NULL,
  `ENTRY_ID` varchar(95) NOT NULL,
  `TRIGGER_NAME` varchar(190) NOT NULL,
  `TRIGGER_GROUP` varchar(190) NOT NULL,
  `INSTANCE_NAME` varchar(190) NOT NULL,
  `FIRED_TIME` bigint(13) NOT NULL,
  `SCHED_TIME` bigint(13) NOT NULL,
  `PRIORITY` int(11) NOT NULL,
  `STATE` varchar(16) NOT NULL,
  `JOB_NAME` varchar(190) DEFAULT NULL,
  `JOB_GROUP` varchar(190) DEFAULT NULL,
  `IS_NONCONCURRENT` varchar(1) DEFAULT NULL,
  `REQUESTS_RECOVERY` varchar(1) DEFAULT NULL,
  PRIMARY KEY (`SCHED_NAME`,`ENTRY_ID`),
  KEY `IDX_JOB_QRTZ_FT_TRIG_INST_NAME` (`SCHED_NAME`,`INSTANCE_NAME`),
  KEY `IDX_JOB_QRTZ_FT_INST_JOB_REQ_RCVRY` (`SCHED_NAME`,`INSTANCE_NAME`,`REQUESTS_RECOVERY`),
  KEY `IDX_JOB_QRTZ_FT_J_G` (`SCHED_NAME`,`JOB_NAME`,`JOB_GROUP`),
  KEY `IDX_JOB_QRTZ_FT_JG` (`SCHED_NAME`,`JOB_GROUP`),
  KEY `IDX_JOB_QRTZ_FT_T_G` (`SCHED_NAME`,`TRIGGER_NAME`,`TRIGGER_GROUP`),
  KEY `IDX_JOB_QRTZ_FT_TG` (`SCHED_NAME`,`TRIGGER_GROUP`)
) ENGINE=InnoDB DEFAULT CHARSET=utf8;

LOCK TABLES `JOB_QRTZ_FIRED_TRIGGERS` WRITE;
/*!40000 ALTER TABLE `JOB_QRTZ_FIRED_TRIGGERS` DISABLE KEYS */;

INSERT INTO `JOB_QRTZ_FIRED_TRIGGERS` (`SCHED_NAME`, `ENTRY_ID`, `TRIGGER_NAME`, `TRIGGER_GROUP`, `INSTANCE_NAME`, `FIRED_TIME`, `SCHED_TIME`, `PRIORITY`, `STATE`, `JOB_NAME`, `JOB_GROUP`, `IS_NONCONCURRENT`, `REQUESTS_RECOVERY`)
VALUES
	('DefaultQuartzScheduler','chenlongDSC005477.local16093966914721609396691457','7','job','chenlongDSC005477.local1609396691472',1609396700235,1609396680000,5,'EXECUTING','7','job','0','0');

/*!40000 ALTER TABLE `JOB_QRTZ_FIRED_TRIGGERS` ENABLE KEYS */;
UNLOCK TABLES;


# Dump of table JOB_QRTZ_JOB_DETAILS
# ------------------------------------------------------------

DROP TABLE IF EXISTS `JOB_QRTZ_JOB_DETAILS`;

CREATE TABLE `JOB_QRTZ_JOB_DETAILS` (
  `SCHED_NAME` varchar(120) NOT NULL,
  `JOB_NAME` varchar(190) NOT NULL,
  `JOB_GROUP` varchar(190) NOT NULL,
  `DESCRIPTION` varchar(250) DEFAULT NULL,
  `JOB_CLASS_NAME` varchar(250) NOT NULL,
  `IS_DURABLE` varchar(1) NOT NULL,
  `IS_NONCONCURRENT` varchar(1) NOT NULL,
  `IS_UPDATE_DATA` varchar(1) NOT NULL,
  `REQUESTS_RECOVERY` varchar(1) NOT NULL,
  `JOB_DATA` blob,
  PRIMARY KEY (`SCHED_NAME`,`JOB_NAME`,`JOB_GROUP`),
  KEY `IDX_JOB_QRTZ_J_REQ_RECOVERY` (`SCHED_NAME`,`REQUESTS_RECOVERY`),
  KEY `IDX_JOB_QRTZ_J_GRP` (`SCHED_NAME`,`JOB_GROUP`)
) ENGINE=InnoDB DEFAULT CHARSET=utf8;

LOCK TABLES `JOB_QRTZ_JOB_DETAILS` WRITE;
/*!40000 ALTER TABLE `JOB_QRTZ_JOB_DETAILS` DISABLE KEYS */;

INSERT INTO `JOB_QRTZ_JOB_DETAILS` (`SCHED_NAME`, `JOB_NAME`, `JOB_GROUP`, `DESCRIPTION`, `JOB_CLASS_NAME`, `IS_DURABLE`, `IS_NONCONCURRENT`, `IS_UPDATE_DATA`, `REQUESTS_RECOVERY`, `JOB_DATA`)
VALUES
	('DefaultQuartzScheduler','7','job',NULL,'com.sumu.jobserver.scheduler.core.schedule.JobBean','0','0','0','0',X'ACED0005737200156F72672E71756172747A2E4A6F62446174614D61709FB083E8BFA9B0CB020000787200266F72672E71756172747A2E7574696C732E537472696E674B65794469727479466C61674D61708208E8C3FBC55D280200015A0013616C6C6F77735472616E7369656E74446174617872001D6F72672E71756172747A2E7574696C732E4469727479466C61674D617013E62EAD28760ACE0200025A000564697274794C00036D617074000F4C6A6176612F7574696C2F4D61703B787000737200116A6176612E7574696C2E486173684D61700507DAC1C31660D103000246000A6C6F6164466163746F724900097468726573686F6C6478703F40000000000010770800000010000000007800'),
	('DefaultQuartzScheduler','8','job',NULL,'com.sumu.jobserver.scheduler.core.schedule.JobBean','0','0','0','0',X'ACED0005737200156F72672E71756172747A2E4A6F62446174614D61709FB083E8BFA9B0CB020000787200266F72672E71756172747A2E7574696C732E537472696E674B65794469727479466C61674D61708208E8C3FBC55D280200015A0013616C6C6F77735472616E7369656E74446174617872001D6F72672E71756172747A2E7574696C732E4469727479466C61674D617013E62EAD28760ACE0200025A000564697274794C00036D617074000F4C6A6176612F7574696C2F4D61703B787000737200116A6176612E7574696C2E486173684D61700507DAC1C31660D103000246000A6C6F6164466163746F724900097468726573686F6C6478703F40000000000010770800000010000000007800');

/*!40000 ALTER TABLE `JOB_QRTZ_JOB_DETAILS` ENABLE KEYS */;
UNLOCK TABLES;


# Dump of table JOB_QRTZ_LOCKS
# ------------------------------------------------------------

DROP TABLE IF EXISTS `JOB_QRTZ_LOCKS`;

CREATE TABLE `JOB_QRTZ_LOCKS` (
  `SCHED_NAME` varchar(120) NOT NULL,
  `LOCK_NAME` varchar(40) NOT NULL,
  PRIMARY KEY (`SCHED_NAME`,`LOCK_NAME`)
) ENGINE=InnoDB DEFAULT CHARSET=utf8;

LOCK TABLES `JOB_QRTZ_LOCKS` WRITE;
/*!40000 ALTER TABLE `JOB_QRTZ_LOCKS` DISABLE KEYS */;

INSERT INTO `JOB_QRTZ_LOCKS` (`SCHED_NAME`, `LOCK_NAME`)
VALUES
	('DefaultQuartzScheduler','STATE_ACCESS'),
	('DefaultQuartzScheduler','TRIGGER_ACCESS');

/*!40000 ALTER TABLE `JOB_QRTZ_LOCKS` ENABLE KEYS */;
UNLOCK TABLES;


# Dump of table JOB_QRTZ_PAUSED_TRIGGER_GRPS
# ------------------------------------------------------------

DROP TABLE IF EXISTS `JOB_QRTZ_PAUSED_TRIGGER_GRPS`;

CREATE TABLE `JOB_QRTZ_PAUSED_TRIGGER_GRPS` (
  `SCHED_NAME` varchar(120) NOT NULL,
  `TRIGGER_GROUP` varchar(190) NOT NULL,
  PRIMARY KEY (`SCHED_NAME`,`TRIGGER_GROUP`)
) ENGINE=InnoDB DEFAULT CHARSET=utf8;



# Dump of table JOB_QRTZ_SCHEDULER_STATE
# ------------------------------------------------------------

DROP TABLE IF EXISTS `JOB_QRTZ_SCHEDULER_STATE`;

CREATE TABLE `JOB_QRTZ_SCHEDULER_STATE` (
  `SCHED_NAME` varchar(120) NOT NULL,
  `INSTANCE_NAME` varchar(190) NOT NULL,
  `LAST_CHECKIN_TIME` bigint(13) NOT NULL,
  `CHECKIN_INTERVAL` bigint(13) NOT NULL,
  PRIMARY KEY (`SCHED_NAME`,`INSTANCE_NAME`)
) ENGINE=InnoDB DEFAULT CHARSET=utf8;

LOCK TABLES `JOB_QRTZ_SCHEDULER_STATE` WRITE;
/*!40000 ALTER TABLE `JOB_QRTZ_SCHEDULER_STATE` DISABLE KEYS */;

INSERT INTO `JOB_QRTZ_SCHEDULER_STATE` (`SCHED_NAME`, `INSTANCE_NAME`, `LAST_CHECKIN_TIME`, `CHECKIN_INTERVAL`)
VALUES
	('DefaultQuartzScheduler','chenlongDSC005477.local1609396691472',1609396715989,5000);

/*!40000 ALTER TABLE `JOB_QRTZ_SCHEDULER_STATE` ENABLE KEYS */;
UNLOCK TABLES;


# Dump of table JOB_QRTZ_SIMPLE_TRIGGERS
# ------------------------------------------------------------

DROP TABLE IF EXISTS `JOB_QRTZ_SIMPLE_TRIGGERS`;

CREATE TABLE `JOB_QRTZ_SIMPLE_TRIGGERS` (
  `SCHED_NAME` varchar(120) NOT NULL,
  `TRIGGER_NAME` varchar(190) NOT NULL,
  `TRIGGER_GROUP` varchar(190) NOT NULL,
  `REPEAT_COUNT` bigint(7) NOT NULL,
  `REPEAT_INTERVAL` bigint(12) NOT NULL,
  `TIMES_TRIGGERED` bigint(10) NOT NULL,
  PRIMARY KEY (`SCHED_NAME`,`TRIGGER_NAME`,`TRIGGER_GROUP`),
  CONSTRAINT `qrtz_simple_triggers_ibfk_1` FOREIGN KEY (`SCHED_NAME`, `TRIGGER_NAME`, `TRIGGER_GROUP`) REFERENCES `JOB_QRTZ_TRIGGERS` (`SCHED_NAME`, `TRIGGER_NAME`, `TRIGGER_GROUP`)
) ENGINE=InnoDB DEFAULT CHARSET=utf8;



# Dump of table JOB_QRTZ_SIMPROP_TRIGGERS
# ------------------------------------------------------------

DROP TABLE IF EXISTS `JOB_QRTZ_SIMPROP_TRIGGERS`;

CREATE TABLE `JOB_QRTZ_SIMPROP_TRIGGERS` (
  `SCHED_NAME` varchar(120) NOT NULL,
  `TRIGGER_NAME` varchar(190) NOT NULL,
  `TRIGGER_GROUP` varchar(190) NOT NULL,
  `STR_PROP_1` varchar(512) DEFAULT NULL,
  `STR_PROP_2` varchar(512) DEFAULT NULL,
  `STR_PROP_3` varchar(512) DEFAULT NULL,
  `INT_PROP_1` int(11) DEFAULT NULL,
  `INT_PROP_2` int(11) DEFAULT NULL,
  `LONG_PROP_1` bigint(20) DEFAULT NULL,
  `LONG_PROP_2` bigint(20) DEFAULT NULL,
  `DEC_PROP_1` decimal(13,4) DEFAULT NULL,
  `DEC_PROP_2` decimal(13,4) DEFAULT NULL,
  `BOOL_PROP_1` varchar(1) DEFAULT NULL,
  `BOOL_PROP_2` varchar(1) DEFAULT NULL,
  PRIMARY KEY (`SCHED_NAME`,`TRIGGER_NAME`,`TRIGGER_GROUP`),
  CONSTRAINT `qrtz_simprop_triggers_ibfk_1` FOREIGN KEY (`SCHED_NAME`, `TRIGGER_NAME`, `TRIGGER_GROUP`) REFERENCES `JOB_QRTZ_TRIGGERS` (`SCHED_NAME`, `TRIGGER_NAME`, `TRIGGER_GROUP`)
) ENGINE=InnoDB DEFAULT CHARSET=utf8;



# Dump of table JOB_QRTZ_TRIGGERS
# ------------------------------------------------------------

DROP TABLE IF EXISTS `JOB_QRTZ_TRIGGERS`;

CREATE TABLE `JOB_QRTZ_TRIGGERS` (
  `SCHED_NAME` varchar(120) NOT NULL,
  `TRIGGER_NAME` varchar(190) NOT NULL,
  `TRIGGER_GROUP` varchar(190) NOT NULL,
  `JOB_NAME` varchar(190) NOT NULL,
  `JOB_GROUP` varchar(190) NOT NULL,
  `DESCRIPTION` varchar(250) DEFAULT NULL,
  `NEXT_FIRE_TIME` bigint(13) DEFAULT NULL,
  `PREV_FIRE_TIME` bigint(13) DEFAULT NULL,
  `PRIORITY` int(11) DEFAULT NULL,
  `TRIGGER_STATE` varchar(16) NOT NULL,
  `TRIGGER_TYPE` varchar(8) NOT NULL,
  `START_TIME` bigint(13) NOT NULL,
  `END_TIME` bigint(13) DEFAULT NULL,
  `CALENDAR_NAME` varchar(190) DEFAULT NULL,
  `MISFIRE_INSTR` smallint(2) DEFAULT NULL,
  `JOB_DATA` blob,
  PRIMARY KEY (`SCHED_NAME`,`TRIGGER_NAME`,`TRIGGER_GROUP`),
  KEY `IDX_JOB_QRTZ_T_J` (`SCHED_NAME`,`JOB_NAME`,`JOB_GROUP`),
  KEY `IDX_JOB_QRTZ_T_JG` (`SCHED_NAME`,`JOB_GROUP`),
  KEY `IDX_JOB_QRTZ_T_C` (`SCHED_NAME`,`CALENDAR_NAME`),
  KEY `IDX_JOB_QRTZ_T_G` (`SCHED_NAME`,`TRIGGER_GROUP`),
  KEY `IDX_JOB_QRTZ_T_STATE` (`SCHED_NAME`,`TRIGGER_STATE`),
  KEY `IDX_JOB_QRTZ_T_N_STATE` (`SCHED_NAME`,`TRIGGER_NAME`,`TRIGGER_GROUP`,`TRIGGER_STATE`),
  KEY `IDX_JOB_QRTZ_T_N_G_STATE` (`SCHED_NAME`,`TRIGGER_GROUP`,`TRIGGER_STATE`),
  KEY `IDX_JOB_QRTZ_T_NEXT_FIRE_TIME` (`SCHED_NAME`,`NEXT_FIRE_TIME`),
  KEY `IDX_JOB_QRTZ_T_NFT_ST` (`SCHED_NAME`,`TRIGGER_STATE`,`NEXT_FIRE_TIME`),
  KEY `IDX_JOB_QRTZ_T_NFT_MISFIRE` (`SCHED_NAME`,`MISFIRE_INSTR`,`NEXT_FIRE_TIME`),
  KEY `IDX_JOB_QRTZ_T_NFT_ST_MISFIRE` (`SCHED_NAME`,`MISFIRE_INSTR`,`NEXT_FIRE_TIME`,`TRIGGER_STATE`),
  KEY `IDX_JOB_QRTZ_T_NFT_ST_MISFIRE_GRP` (`SCHED_NAME`,`MISFIRE_INSTR`,`NEXT_FIRE_TIME`,`TRIGGER_GROUP`,`TRIGGER_STATE`),
  CONSTRAINT `qrtz_triggers_ibfk_1` FOREIGN KEY (`SCHED_NAME`, `JOB_NAME`, `JOB_GROUP`) REFERENCES `JOB_QRTZ_JOB_DETAILS` (`SCHED_NAME`, `JOB_NAME`, `JOB_GROUP`)
) ENGINE=InnoDB DEFAULT CHARSET=utf8;

LOCK TABLES `JOB_QRTZ_TRIGGERS` WRITE;
/*!40000 ALTER TABLE `JOB_QRTZ_TRIGGERS` DISABLE KEYS */;

INSERT INTO `JOB_QRTZ_TRIGGERS` (`SCHED_NAME`, `TRIGGER_NAME`, `TRIGGER_GROUP`, `JOB_NAME`, `JOB_GROUP`, `DESCRIPTION`, `NEXT_FIRE_TIME`, `PREV_FIRE_TIME`, `PRIORITY`, `TRIGGER_STATE`, `TRIGGER_TYPE`, `START_TIME`, `END_TIME`, `CALENDAR_NAME`, `MISFIRE_INSTR`, `JOB_DATA`)
VALUES
	('DefaultQuartzScheduler','7','job','7','job',NULL,1609396740000,1609396680000,5,'WAITING','CRON',1608780273000,0,NULL,2,''),
	('DefaultQuartzScheduler','8','job','8','job',NULL,1609396740000,-1,5,'WAITING','CRON',1609396700000,0,NULL,2,'');

/*!40000 ALTER TABLE `JOB_QRTZ_TRIGGERS` ENABLE KEYS */;
UNLOCK TABLES;



/*!40111 SET SQL_NOTES=@OLD_SQL_NOTES */;
/*!40101 SET SQL_MODE=@OLD_SQL_MODE */;
/*!40014 SET FOREIGN_KEY_CHECKS=@OLD_FOREIGN_KEY_CHECKS */;
/*!40101 SET CHARACTER_SET_CLIENT=@OLD_CHARACTER_SET_CLIENT */;
/*!40101 SET CHARACTER_SET_RESULTS=@OLD_CHARACTER_SET_RESULTS */;
/*!40101 SET COLLATION_CONNECTION=@OLD_COLLATION_CONNECTION */;
